{
	"ApplicationVersion" : {
		"__type" : "string",
		"value" : "0.5.10"
	},
	"WorldSettingProfile" : {
		"__type" : "WorldSettingProfile,Assembly-CSharp",
		"value" : {
			"worldDescription" : "Welcome to Sunkenland running in AMP!",
			"enemyDifficulty" : 1,
			"enemyGarrisonDifficulty" : 2,
			"enemyRaidDifficulty" : 2,
			"survivalDifficulty" : 1,
			"isDeathPenaltiesEnabled" : true,
			"isFriendlyFireEnabled" : true,
			"isResearchShared" : true,
			"isMapShared" : true,
			"isFlagShared" : true,
			"isSpawnPointShared" : true,
			"isUsingRandomSpawnPoints" : false,
			"respawnTime" : 10,
			"lootRespawnIntervalInDays" : 4
		}
	}
}